metric,coef,se,z,p_value,n_matches,perspective,outcome,target,sig_group,sig_label,train_snr,oos_rmse,oos_mae,mu_train,llf_sum,aic_sum,bic_sum,llf_mean,aic_mean,bic_mean,n_train_matches,abs_z,neglog10_p,group_id,rank_abs_z_in_group
break_line_suc,0.000186879040632,1.0532844818657333e-07,1774.2503934076983,0.0,474,attack,hold,self,A,"Very strong (p≤0.001, |z|≥3.29)",0.0001934686596839,0.1697479931304718,0.1356427440020517,0.520310003440944,2281747.515415573,-4550239.030831145,-4509112.359885702,4813.813323661546,-9599.660402597352,-9512.895274020468,237,1774.2503934076983,300.0,attack|hold|self,1.0
shot_saved_att,-0.0048867634400736,0.0001677708063525,-29.127614906994257,0.0,472,attack,hold,self,A,"Very strong (p≤0.001, |z|≥3.29)",0.0001934686596839,0.1697479931304718,0.1356427440020517,0.520310003440944,2281747.515415573,-4550239.030831145,-4509112.359885702,4813.813323661546,-9599.660402597352,-9512.895274020468,237,29.127614906994257,300.0,attack|hold|self,2.0
zone14_pass_try,-0.0014954237609395,0.000106193469435,-14.08206897180247,0.0,474,attack,hold,self,A,"Very strong (p≤0.001, |z|≥3.29)",0.0001934686596839,0.1697479931304718,0.1356427440020517,0.520310003440944,2281747.515415573,-4550239.030831145,-4509112.359885702,4813.813323661546,-9599.660402597352,-9512.895274020468,237,14.08206897180247,300.0,attack|hold|self,3.0
break_line_try,-0.0007135262435072,5.448925667561907e-05,-13.094805967990649,0.0,474,attack,hold,self,A,"Very strong (p≤0.001, |z|≥3.29)",0.0001934686596839,0.1697479931304718,0.1356427440020517,0.520310003440944,2281747.515415573,-4550239.030831145,-4509112.359885702,4813.813323661546,-9599.660402597352,-9512.895274020468,237,13.094805967990649,300.0,attack|hold|self,4.0
box_pass_try,-0.0013274310521188,0.0001028662302707,-12.904439568020187,0.0,474,attack,hold,self,A,"Very strong (p≤0.001, |z|≥3.29)",0.0001934686596839,0.1697479931304718,0.1356427440020517,0.520310003440944,2281747.515415573,-4550239.030831145,-4509112.359885702,4813.813323661546,-9599.660402597352,-9512.895274020468,237,12.904439568020187,300.0,attack|hold|self,5.0
shot_blocked_att,-0.0018156166000002,0.0001664663048084,-10.906811454064355,0.0,468,attack,hold,self,A,"Very strong (p≤0.001, |z|≥3.29)",0.0001934686596839,0.1697479931304718,0.1356427440020517,0.520310003440944,2281747.515415573,-4550239.030831145,-4509112.359885702,4813.813323661546,-9599.660402597352,-9512.895274020468,237,10.906811454064355,300.0,attack|hold|self,6.0
att_miss,6.563326556888457e-07,8.638160025554063e-08,7.598060857257014,2.9976021664879227e-14,474,attack,hold,self,A,"Very strong (p≤0.001, |z|≥3.29)",0.0001934686596839,0.1697479931304718,0.1356427440020517,0.520310003440944,2281747.515415573,-4550239.030831145,-4509112.359885702,4813.813323661546,-9599.660402597352,-9512.895274020468,237,7.598060857257014,13.523226006032017,attack|hold|self,7.0
seq_duration,-0.0011436816829905,0.0001567725670457,-7.295164610380036,2.9820590441431705e-13,474,attack,hold,self,A,"Very strong (p≤0.001, |z|≥3.29)",0.0001934686596839,0.1697479931304718,0.1356427440020517,0.520310003440944,2281747.515415573,-4550239.030831145,-4509112.359885702,4813.813323661546,-9599.660402597352,-9512.895274020468,237,7.295164610380036,12.525483761858307,attack|hold|self,8.0
seq_event_num,-0.0011984556714772,0.000177198875681,-6.763336769890705,1.3484990901702076e-11,474,attack,hold,self,A,"Very strong (p≤0.001, |z|≥3.29)",0.0001934686596839,0.1697479931304718,0.1356427440020517,0.520310003440944,2281747.515415573,-4550239.030831145,-4509112.359885702,4813.813323661546,-9599.660402597352,-9512.895274020468,237,6.763336769890705,10.87014934222866,attack|hold|self,9.0
box_pass_suc,-0.0014583669063466,0.0002171191321269,-6.716897272296723,1.8563373060942467e-11,474,attack,hold,self,A,"Very strong (p≤0.001, |z|≥3.29)",0.0001934686596839,0.1697479931304718,0.1356427440020517,0.520310003440944,2281747.515415573,-4550239.030831145,-4509112.359885702,4813.813323661546,-9599.660402597352,-9512.895274020468,237,6.716897272296723,10.731343107392142,attack|hold|self,10.0
zone14_pass_suc,9.665009077429106e-05,8.819595022432515e-05,1.0958563349956878,0.2731416504157438,474,attack,hold,self,D,Not significant,0.0001934686596839,0.1697479931304718,0.1356427440020517,0.520310003440944,2281747.515415573,-4550239.030831145,-4509112.359885702,4813.813323661546,-9599.660402597352,-9512.895274020468,237,1.0958563349956878,0.5636120707627682,attack|hold|self,11.0
shot_offpost_att,3.078988652008514e-09,2.8867469391659064e-07,0.0106659458445573,0.991489967838189,474,attack,hold,self,D,Not significant,0.0001934686596839,0.1697479931304718,0.1356427440020517,0.520310003440944,2281747.515415573,-4550239.030831145,-4509112.359885702,4813.813323661546,-9599.660402597352,-9512.895274020468,237,0.0106659458445573,0.003711675744667642,attack|hold|self,12.0
break_line_suc,4.683048147672403e-05,6.910327471737021e-08,677.6883102611118,0.0,474,attack,xG,self,A,"Very strong (p≤0.001, |z|≥3.29)",9.04692083665522e-06,0.1497816982530523,0.0917297160741156,0.075047771626099,2644428.8157195826,-5275601.631439165,-5234474.960493721,5578.963746243845,-11129.961247761952,-11043.196119185066,237,677.6883102611118,300.0,attack|xG|self,1.0
shot_blocked_att,0.0027333664145151,0.0001094942023535,24.963572095708408,0.0,468,attack,xG,self,A,"Very strong (p≤0.001, |z|≥3.29)",9.04692083665522e-06,0.1497816982530523,0.0917297160741156,0.075047771626099,2644428.8157195826,-5275601.631439165,-5234474.960493721,5578.963746243845,-11129.961247761952,-11043.196119185066,237,24.963572095708408,300.0,attack|xG|self,2.0
att_miss,1.3340782787258022e-06,6.335519438928565e-08,21.05712549043044,0.0,474,attack,xG,self,A,"Very strong (p≤0.001, |z|≥3.29)",9.04692083665522e-06,0.1497816982530523,0.0917297160741156,0.075047771626099,2644428.8157195826,-5275601.631439165,-5234474.960493721,5578.963746243845,-11129.961247761952,-11043.196119185066,237,21.05712549043044,300.0,attack|xG|self,3.0
zone14_pass_suc,0.0013125786889198,8.022311632490296e-05,16.36160185555381,0.0,474,attack,xG,self,A,"Very strong (p≤0.001, |z|≥3.29)",9.04692083665522e-06,0.1497816982530523,0.0917297160741156,0.075047771626099,2644428.8157195826,-5275601.631439165,-5234474.960493721,5578.963746243845,-11129.961247761952,-11043.196119185066,237,16.36160185555381,300.0,attack|xG|self,4.0
box_pass_suc,0.0021624021719801,0.0001609788998426,13.432829855925757,0.0,474,attack,xG,self,A,"Very strong (p≤0.001, |z|≥3.29)",9.04692083665522e-06,0.1497816982530523,0.0917297160741156,0.075047771626099,2644428.8157195826,-5275601.631439165,-5234474.960493721,5578.963746243845,-11129.961247761952,-11043.196119185066,237,13.432829855925757,300.0,attack|xG|self,5.0
shot_saved_att,-0.0012504394914815,0.000136025531816,-9.192682247126845,0.0,472,attack,xG,self,A,"Very strong (p≤0.001, |z|≥3.29)",9.04692083665522e-06,0.1497816982530523,0.0917297160741156,0.075047771626099,2644428.8157195826,-5275601.631439165,-5234474.960493721,5578.963746243845,-11129.961247761952,-11043.196119185066,237,9.192682247126845,300.0,attack|xG|self,6.0
seq_duration,0.000453821635352,9.669144143534622e-05,4.693503671216796,2.6856516868178915e-06,474,attack,xG,self,A,"Very strong (p≤0.001, |z|≥3.29)",9.04692083665522e-06,0.1497816982530523,0.0917297160741156,0.075047771626099,2644428.8157195826,-5275601.631439165,-5234474.960493721,5578.963746243845,-11129.961247761952,-11043.196119185066,237,4.693503671216796,5.57095031344764,attack|xG|self,7.0
box_pass_try,0.0001632756223468,6.799683067801417e-05,2.4012240088076786,0.0163403301028441,474,attack,xG,self,C,"Significant (p≤0.05, |z|≥1.96)",9.04692083665522e-06,0.1497816982530523,0.0917297160741156,0.075047771626099,2644428.8157195826,-5275601.631439165,-5234474.960493721,5578.963746243845,-11129.961247761952,-11043.196119185066,237,2.4012240088076786,1.7867391742175833,attack|xG|self,8.0
shot_offpost_att,-5.431317384640668e-07,2.672608171426629e-07,-2.032216111103728,0.0421317825808249,474,attack,xG,self,C,"Significant (p≤0.05, |z|≥1.96)",9.04692083665522e-06,0.1497816982530523,0.0917297160741156,0.075047771626099,2644428.8157195826,-5275601.631439165,-5234474.960493721,5578.963746243845,-11129.961247761952,-11043.196119185066,237,2.032216111103728,1.3753901656384442,attack|xG|self,9.0
zone14_pass_try,-0.0001556764607939,0.0001493428270558,-1.0424100297478625,0.2972216183957155,474,attack,xG,self,D,Not significant,9.04692083665522e-06,0.1497816982530523,0.0917297160741156,0.075047771626099,2644428.8157195826,-5275601.631439165,-5234474.960493721,5578.963746243845,-11129.961247761952,-11043.196119185066,237,1.0424100297478625,0.5269196053807979,attack|xG|self,10.0
break_line_try,3.53428492546721e-05,6.75638897192844e-05,0.5231026425730545,0.6009028266655936,474,attack,xG,self,D,Not significant,9.04692083665522e-06,0.1497816982530523,0.0917297160741156,0.075047771626099,2644428.8157195826,-5275601.631439165,-5234474.960493721,5578.963746243845,-11129.961247761952,-11043.196119185066,237,0.5231026425730545,0.22119575304720046,attack|xG|self,11.0
seq_event_num,-2.8470907249308716e-05,0.0001276264620737,-0.2230799693629222,0.8234732676891128,474,attack,xG,self,D,Not significant,9.04692083665522e-06,0.1497816982530523,0.0917297160741156,0.075047771626099,2644428.8157195826,-5275601.631439165,-5234474.960493721,5578.963746243845,-11129.961247761952,-11043.196119185066,237,0.2230799693629222,0.08435049471347014,attack|xG|self,12.0
shot_offpost_att,-0.0025159094546955,2.550001315997623e-07,-9866.306495262652,0.0,474,attack,xT,self,A,"Very strong (p≤0.001, |z|≥3.29)",0.0741446978912779,0.1172994070319648,0.0814424565583156,0.0956761312583249,2673588.769125568,-5333921.538251136,-5292794.867305692,5640.482635286009,-11252.99902584628,-11166.233897269392,237,9866.306495262652,300.0,attack|xT|self,1.0
seq_duration,-0.0307667842860022,2.42586432154952e-05,-1268.281330192036,0.0,474,attack,xT,self,A,"Very strong (p≤0.001, |z|≥3.29)",0.0741446978912779,0.1172994070319648,0.0814424565583156,0.0956761312583249,2673588.769125568,-5333921.538251136,-5292794.867305692,5640.482635286009,-11252.99902584628,-11166.233897269392,237,1268.281330192036,300.0,attack|xT|self,2.0
break_line_suc,6.626076879004674e-05,7.36015952309237e-08,900.2626720542504,0.0,474,attack,xT,self,A,"Very strong (p≤0.001, |z|≥3.29)",0.0741446978912779,0.1172994070319648,0.0814424565583156,0.0956761312583249,2673588.769125568,-5333921.538251136,-5292794.867305692,5640.482635286009,-11252.99902584628,-11166.233897269392,237,900.2626720542504,300.0,attack|xT|self,3.0
box_pass_try,-0.0025262249108884,3.259033214696743e-05,-77.51454939140599,0.0,474,attack,xT,self,A,"Very strong (p≤0.001, |z|≥3.29)",0.0741446978912779,0.1172994070319648,0.0814424565583156,0.0956761312583249,2673588.769125568,-5333921.538251136,-5292794.867305692,5640.482635286009,-11252.99902584628,-11166.233897269392,237,77.51454939140599,300.0,attack|xT|self,4.0
seq_event_num,-0.0029018072383298,6.016347572778022e-05,-48.23204117161684,0.0,474,attack,xT,self,A,"Very strong (p≤0.001, |z|≥3.29)",0.0741446978912779,0.1172994070319648,0.0814424565583156,0.0956761312583249,2673588.769125568,-5333921.538251136,-5292794.867305692,5640.482635286009,-11252.99902584628,-11166.233897269392,237,48.23204117161684,300.0,attack|xT|self,5.0
zone14_pass_suc,0.0028164980566937,0.0001138609451541,24.736296127524923,0.0,474,attack,xT,self,A,"Very strong (p≤0.001, |z|≥3.29)",0.0741446978912779,0.1172994070319648,0.0814424565583156,0.0956761312583249,2673588.769125568,-5333921.538251136,-5292794.867305692,5640.482635286009,-11252.99902584628,-11166.233897269392,237,24.736296127524923,300.0,attack|xT|self,6.0
shot_blocked_att,0.0022278691560325,0.0001239483973748,17.97416669531855,0.0,468,attack,xT,self,A,"Very strong (p≤0.001, |z|≥3.29)",0.0741446978912779,0.1172994070319648,0.0814424565583156,0.0956761312583249,2673588.769125568,-5333921.538251136,-5292794.867305692,5640.482635286009,-11252.99902584628,-11166.233897269392,237,17.97416669531855,300.0,attack|xT|self,7.0
att_miss,9.932270140717475e-07,5.753254224719122e-08,17.263742836259556,0.0,474,attack,xT,self,A,"Very strong (p≤0.001, |z|≥3.29)",0.0741446978912779,0.1172994070319648,0.0814424565583156,0.0956761312583249,2673588.769125568,-5333921.538251136,-5292794.867305692,5640.482635286009,-11252.99902584628,-11166.233897269392,237,17.263742836259556,300.0,attack|xT|self,8.0
shot_saved_att,-0.0024124229250538,0.0001464735933356,-16.47001940838664,0.0,472,attack,xT,self,A,"Very strong (p≤0.001, |z|≥3.29)",0.0741446978912779,0.1172994070319648,0.0814424565583156,0.0956761312583249,2673588.769125568,-5333921.538251136,-5292794.867305692,5640.482635286009,-11252.99902584628,-11166.233897269392,237,16.47001940838664,300.0,attack|xT|self,9.0
box_pass_suc,0.0020661679491261,0.0002340311019957,8.828604110764633,0.0,474,attack,xT,self,A,"Very strong (p≤0.001, |z|≥3.29)",0.0741446978912779,0.1172994070319648,0.0814424565583156,0.0956761312583249,2673588.769125568,-5333921.538251136,-5292794.867305692,5640.482635286009,-11252.99902584628,-11166.233897269392,237,8.828604110764633,300.0,attack|xT|self,10.0
break_line_try,0.0003823310913584,8.272870139422133e-05,4.621504809274846,3.8096650032404256e-06,474,attack,xT,self,A,"Very strong (p≤0.001, |z|≥3.29)",0.0741446978912779,0.1172994070319648,0.0814424565583156,0.0956761312583249,2673588.769125568,-5333921.538251136,-5292794.867305692,5640.482635286009,-11252.99902584628,-11166.233897269392,237,4.621504809274846,5.41911321163161,attack|xT|self,11.0
zone14_pass_try,0.0001346131521016,0.0001491921620304,0.902280322702878,0.3669079756678965,474,attack,xT,self,D,Not significant,0.0741446978912779,0.1172994070319648,0.0814424565583156,0.0956761312583249,2673588.769125568,-5333921.538251136,-5292794.867305692,5640.482635286009,-11252.99902584628,-11166.233897269392,237,0.902280322702878,0.43544284765830776,attack|xT|self,12.0
shot_offpost_def,-0.0056548150783401,2.885294802903747e-07,-19598.74281355633,0.0,474,defense,hold,opp,A,"Very strong (p≤0.001, |z|≥3.29)",2.227362137486928e-06,0.1693390535473208,0.1353980379427868,0.4778588780670467,2274617.007642342,-4540718.015284684,-4514296.989182835,4798.770058317176,-9579.573871908617,-9523.833310512313,237,19598.74281355633,300.0,defense|hold|opp,1.0
def_gap_std,0.0001920131243573,1.0463000776042289e-07,1835.1630518566087,0.0,474,defense,hold,opp,A,"Very strong (p≤0.001, |z|≥3.29)",2.227362137486928e-06,0.1693390535473208,0.1353980379427868,0.4778588780670467,2274617.007642342,-4540718.015284684,-4514296.989182835,4798.770058317176,-9579.573871908617,-9523.833310512313,237,1835.1630518566087,300.0,defense|hold|opp,2.0
def_gap_mean,6.368004283911429e-07,8.409543998965567e-08,7.572353845457898,3.6637359812630166e-14,474,defense,hold,opp,A,"Very strong (p≤0.001, |z|≥3.29)",2.227362137486928e-06,0.1693390535473208,0.1353980379427868,0.4778588780670467,2274617.007642342,-4540718.015284684,-4514296.989182835,4798.770058317176,-9579.573871908617,-9523.833310512313,237,7.572353845457898,13.436075830313117,defense|hold|opp,3.0
def_linegap_mean,0.0001701333473349,2.654617801489572e-05,6.408958277890726,1.465172427828065e-10,474,defense,hold,opp,A,"Very strong (p≤0.001, |z|≥3.29)",2.227362137486928e-06,0.1693390535473208,0.1353980379427868,0.4778588780670467,2274617.007642342,-4540718.015284684,-4514296.989182835,4798.770058317176,-9579.573871908617,-9523.833310512313,237,6.408958277890726,9.834111262649312,defense|hold|opp,4.0
shot_blocked_def,7.734626883089125e-05,3.346766627247782e-05,2.311074462174169,0.0208287423024922,468,defense,hold,opp,C,"Significant (p≤0.05, |z|≥1.96)",2.227362137486928e-06,0.1693390535473208,0.1353980379427868,0.4778588780670467,2274617.007642342,-4540718.015284684,-4514296.989182835,4798.770058317176,-9579.573871908617,-9523.833310512313,237,2.311074462174169,1.6813369531717013,defense|hold|opp,5.0
def_linegap_std,-5.327406995510621e-05,3.394008355669049e-05,-1.569650524463853,0.1164964373398667,474,defense,hold,opp,D,Not significant,2.227362137486928e-06,0.1693390535473208,0.1353980379427868,0.4778588780670467,2274617.007642342,-4540718.015284684,-4514296.989182835,4798.770058317176,-9579.573871908617,-9523.833310512313,237,1.569650524463853,0.9336873559022989,defense|hold|opp,6.0
shot_saved_def,1.7886112074291733e-05,3.6427928402815565e-05,0.4909999788214498,0.623426462530545,472,defense,hold,opp,D,Not significant,2.227362137486928e-06,0.1693390535473208,0.1353980379427868,0.4778588780670467,2274617.007642342,-4540718.015284684,-4514296.989182835,4798.770058317176,-9579.573871908617,-9523.833310512313,237,0.4909999788214498,0.20521476720663132,defense|hold|opp,7.0
def_gain_dist,0.0001918917655024,1.0179707630324186e-07,1885.0420117259507,0.0,474,defense,hold,self,A,"Very strong (p≤0.001, |z|≥3.29)",0.0006652636116064,0.1697453935400831,0.1356345999010108,0.520310003440944,2276053.5440454427,-4545471.088090885,-4524883.18530985,4801.800725834268,-9589.601451668535,-9546.167057615716,237,1885.0420117259507,300.0,defense|hold|self,1.0
def_suc_pos_line_box,-5.867987585267513e-05,5.909534625354578e-07,-99.29694903708985,0.0,474,defense,hold,self,A,"Very strong (p≤0.001, |z|≥3.29)",0.0006652636116064,0.1697453935400831,0.1356345999010108,0.520310003440944,2276053.5440454427,-4545471.088090885,-4524883.18530985,4801.800725834268,-9589.601451668535,-9546.167057615716,237,99.29694903708985,300.0,defense|hold|self,2.0
def_miss_pos_line,0.0004426591173134,2.5834336039276944e-05,17.13452657116657,0.0,474,defense,hold,self,A,"Very strong (p≤0.001, |z|≥3.29)",0.0006652636116064,0.1697453935400831,0.1356345999010108,0.520310003440944,2276053.5440454427,-4545471.088090885,-4524883.18530985,4801.800725834268,-9589.601451668535,-9546.167057615716,237,17.13452657116657,300.0,defense|hold|self,3.0
def_suc,1.0332183163276085e-06,8.348125512469806e-08,12.376650480209769,0.0,474,defense,hold,self,A,"Very strong (p≤0.001, |z|≥3.29)",0.0006652636116064,0.1697453935400831,0.1356345999010108,0.520310003440944,2276053.5440454427,-4545471.088090885,-4524883.18530985,4801.800725834268,-9589.601451668535,-9546.167057615716,237,12.376650480209769,300.0,defense|hold|self,4.0
seq_def_num,-0.0008532818221292,7.4345859179523e-05,-11.477193639915786,0.0,474,defense,hold,self,A,"Very strong (p≤0.001, |z|≥3.29)",0.0006652636116064,0.1697453935400831,0.1356345999010108,0.520310003440944,2276053.5440454427,-4545471.088090885,-4524883.18530985,4801.800725834268,-9589.601451668535,-9546.167057615716,237,11.477193639915786,300.0,defense|hold|self,5.0
shot_offpost_def,-0.0385866459691697,2.4253518475188653e-07,-159097.1058844263,0.0,474,defense,xG,opp,A,"Very strong (p≤0.001, |z|≥3.29)",5.2591440390286e-06,0.1203532416305326,0.0664424527016107,0.0485221050041031,2640867.623668365,-5273219.24733673,-5246798.221234882,5571.450682844652,-11124.935120963566,-11069.194559567262,237,159097.1058844263,300.0,defense|xG|opp,1.0
def_gap_std,4.139294838525189e-05,6.993208049106017e-08,591.9021441174398,0.0,474,defense,xG,opp,A,"Very strong (p≤0.001, |z|≥3.29)",5.2591440390286e-06,0.1203532416305326,0.0664424527016107,0.0485221050041031,2640867.623668365,-5273219.24733673,-5246798.221234882,5571.450682844652,-11124.935120963566,-11069.194559567262,237,591.9021441174398,300.0,defense|xG|opp,2.0
def_gap_mean,1.1100169029183538e-06,6.437831247149684e-08,17.242093809305857,0.0,474,defense,xG,opp,A,"Very strong (p≤0.001, |z|≥3.29)",5.2591440390286e-06,0.1203532416305326,0.0664424527016107,0.0485221050041031,2640867.623668365,-5273219.24733673,-5246798.221234882,5571.450682844652,-11124.935120963566,-11069.194559567262,237,17.242093809305857,300.0,defense|xG|opp,3.0
def_linegap_mean,-7.832872897132109e-05,1.8627817681487854e-05,-4.20493319779286,2.611592808632324e-05,474,defense,xG,opp,A,"Very strong (p≤0.001, |z|≥3.29)",5.2591440390286e-06,0.1203532416305326,0.0664424527016107,0.0485221050041031,2640867.623668365,-5273219.24733673,-5246798.221234882,5571.450682844652,-11124.935120963566,-11069.194559567262,237,4.20493319779286,4.583094535953467,defense|xG|opp,4.0
shot_blocked_def,5.406348900196247e-05,2.1787101406377663e-05,2.481444777511186,0.0130850983780406,468,defense,xG,opp,C,"Significant (p≤0.05, |z|≥1.96)",5.2591440390286e-06,0.1203532416305326,0.0664424527016107,0.0485221050041031,2640867.623668365,-5273219.24733673,-5246798.221234882,5571.450682844652,-11124.935120963566,-11069.194559567262,237,2.481444777511186,1.8832230078441565,defense|xG|opp,5.0
def_linegap_std,-5.126859165207017e-05,2.209049760732462e-05,-2.320843675113542,0.0202952823626159,474,defense,xG,opp,C,"Significant (p≤0.05, |z|≥1.96)",5.2591440390286e-06,0.1203532416305326,0.0664424527016107,0.0485221050041031,2640867.623668365,-5273219.24733673,-5246798.221234882,5571.450682844652,-11124.935120963566,-11069.194559567262,237,2.320843675113542,1.692604902086389,defense|xG|opp,6.0
shot_saved_def,4.660758667955754e-06,2.5702486442937697e-05,0.1813349334237815,0.856104687617653,472,defense,xG,opp,D,Not significant,5.2591440390286e-06,0.1203532416305326,0.0664424527016107,0.0485221050041031,2640867.623668365,-5273219.24733673,-5246798.221234882,5571.450682844652,-11124.935120963566,-11069.194559567262,237,0.1813349334237815,0.06747312495517384,defense|xG|opp,7.0
def_gain_dist,4.787362502793455e-05,6.037612370616572e-08,792.9231306885904,0.0,474,defense,xG,self,A,"Very strong (p≤0.001, |z|≥3.29)",4.497141483391459e-05,0.14984594728763,0.0918253993251162,0.075047771626099,2964321.8961603567,-5922007.792320713,-5901419.889539679,6253.843662785563,-12493.687325571123,-12450.25293151831,237,792.9231306885904,300.0,defense|xG|self,1.0
def_suc_pos_line_box,-1.0228970703250191e-05,2.0166362777041879e-07,-50.72293311560986,0.0,474,defense,xG,self,A,"Very strong (p≤0.001, |z|≥3.29)",4.497141483391459e-05,0.14984594728763,0.0918253993251162,0.075047771626099,2964321.8961603567,-5922007.792320713,-5901419.889539679,6253.843662785563,-12493.687325571123,-12450.25293151831,237,50.72293311560986,300.0,defense|xG|self,2.0
seq_def_num,0.000370522897186,2.4655653098051253e-05,15.027908435950136,0.0,474,defense,xG,self,A,"Very strong (p≤0.001, |z|≥3.29)",4.497141483391459e-05,0.14984594728763,0.0918253993251162,0.075047771626099,2964321.8961603567,-5922007.792320713,-5901419.889539679,6253.843662785563,-12493.687325571123,-12450.25293151831,237,15.027908435950136,300.0,defense|xG|self,3.0
def_miss_pos_line,-0.000131374099953,9.305097202873282e-06,-14.118509144908304,0.0,474,defense,xG,self,A,"Very strong (p≤0.001, |z|≥3.29)",4.497141483391459e-05,0.14984594728763,0.0918253993251162,0.075047771626099,2964321.8961603567,-5922007.792320713,-5901419.889539679,6253.843662785563,-12493.687325571123,-12450.25293151831,237,14.118509144908304,300.0,defense|xG|self,4.0
def_suc,1.9961294270193226e-07,5.769937595972108e-08,3.4595338230569173,0.0005411113133086,474,defense,xG,self,A,"Very strong (p≤0.001, |z|≥3.29)",4.497141483391459e-05,0.14984594728763,0.0918253993251162,0.075047771626099,2964321.8961603567,-5922007.792320713,-5901419.889539679,6253.843662785563,-12493.687325571123,-12450.25293151831,237,3.4595338230569173,3.2667133859415003,defense|xG|self,5.0
shot_offpost_def,-0.0020682759553011,1.8560031475582986e-07,-11143.709309017431,0.0,474,defense,xT,opp,A,"Very strong (p≤0.001, |z|≥3.29)",1.710746418800032e-06,0.0897374250341792,0.0629776118208535,0.0671917659977994,2618048.012426698,-5227580.024853396,-5201158.998751549,5523.3080430943,-11028.64984146286,-10972.909280066558,237,11143.709309017431,300.0,defense|xT|opp,1.0
def_gap_std,5.972330956314711e-05,9.057111535292909e-08,659.4079064878786,0.0,474,defense,xT,opp,A,"Very strong (p≤0.001, |z|≥3.29)",1.710746418800032e-06,0.0897374250341792,0.0629776118208535,0.0671917659977994,2618048.012426698,-5227580.024853396,-5201158.998751549,5523.3080430943,-11028.64984146286,-10972.909280066558,237,659.4079064878786,300.0,defense|xT|opp,2.0
def_gap_mean,2.6713470603113564e-06,6.694697129295301e-08,39.902433354629565,0.0,474,defense,xT,opp,A,"Very strong (p≤0.001, |z|≥3.29)",1.710746418800032e-06,0.0897374250341792,0.0629776118208535,0.0671917659977994,2618048.012426698,-5227580.024853396,-5201158.998751549,5523.3080430943,-11028.64984146286,-10972.909280066558,237,39.902433354629565,300.0,defense|xT|opp,3.0
def_linegap_mean,0.0001067722175758,1.9764766395935425e-05,5.40214923044866,6.584713285739953e-08,474,defense,xT,opp,A,"Very strong (p≤0.001, |z|≥3.29)",1.710746418800032e-06,0.0897374250341792,0.0629776118208535,0.0671917659977994,2618048.012426698,-5227580.024853396,-5201158.998751549,5523.3080430943,-11028.64984146286,-10972.909280066558,237,5.40214923044866,7.181463130517216,defense|xT|opp,4.0
shot_blocked_def,-0.0001075800636205,2.3468632481587784e-05,-4.583993707557991,4.561779704204128e-06,468,defense,xT,opp,A,"Very strong (p≤0.001, |z|≥3.29)",1.710746418800032e-06,0.0897374250341792,0.0629776118208535,0.0671917659977994,2618048.012426698,-5227580.024853396,-5201158.998751549,5523.3080430943,-11028.64984146286,-10972.909280066558,237,4.583993707557991,5.340865691343151,defense|xT|opp,5.0
def_linegap_std,-9.404454780931142e-05,2.469134842992297e-05,-3.8088056663337446,0.0001396396491892,474,defense,xT,opp,A,"Very strong (p≤0.001, |z|≥3.29)",1.710746418800032e-06,0.0897374250341792,0.0629776118208535,0.0671917659977994,2618048.012426698,-5227580.024853396,-5201158.998751549,5523.3080430943,-11028.64984146286,-10972.909280066558,237,3.8088056663337446,3.8549912509161945,defense|xT|opp,6.0
shot_saved_def,-2.2514508286961957e-05,2.709412826952435e-05,-0.8309737099859535,0.4059884812642615,472,defense,xT,opp,D,Not significant,1.710746418800032e-06,0.0897374250341792,0.0629776118208535,0.0671917659977994,2618048.012426698,-5227580.024853396,-5201158.998751549,5523.3080430943,-11028.64984146286,-10972.909280066558,237,0.8309737099859535,0.39148628808372965,defense|xT|opp,7.0
def_gain_dist,4.009870083208726e-05,5.470363703224996e-08,733.0170900418832,0.0,474,defense,xT,self,A,"Very strong (p≤0.001, |z|≥3.29)",6.366449563407342e-05,0.1088089362598554,0.0816299595775831,0.0956761312583249,3138510.367920301,-6270384.735840602,-6249796.833059566,6621.329890127217,-13228.659780254437,-13185.225386201617,237,733.0170900418832,300.0,defense|xT|self,1.0
def_suc_pos_line_box,-1.531040845305219e-05,2.276008467256413e-07,-67.26867967898178,0.0,474,defense,xT,self,A,"Very strong (p≤0.001, |z|≥3.29)",6.366449563407342e-05,0.1088089362598554,0.0816299595775831,0.0956761312583249,3138510.367920301,-6270384.735840602,-6249796.833059566,6621.329890127217,-13228.659780254437,-13185.225386201617,237,67.26867967898178,300.0,defense|xT|self,2.0
seq_def_num,0.0004155393017978,3.352279174513404e-05,12.395724823789434,0.0,474,defense,xT,self,A,"Very strong (p≤0.001, |z|≥3.29)",6.366449563407342e-05,0.1088089362598554,0.0816299595775831,0.0956761312583249,3138510.367920301,-6270384.735840602,-6249796.833059566,6621.329890127217,-13228.659780254437,-13185.225386201617,237,12.395724823789434,300.0,defense|xT|self,3.0
def_miss_pos_line,-0.0001406964577688,1.1547654020082244e-05,-12.183986247267535,0.0,474,defense,xT,self,A,"Very strong (p≤0.001, |z|≥3.29)",6.366449563407342e-05,0.1088089362598554,0.0816299595775831,0.0956761312583249,3138510.367920301,-6270384.735840602,-6249796.833059566,6621.329890127217,-13228.659780254437,-13185.225386201617,237,12.183986247267535,300.0,defense|xT|self,4.0
def_suc,1.609237537667883e-07,5.0493403888907596e-08,3.1870252621677597,0.0014374421932703,474,defense,xT,self,B,"Strong (p≤0.01,  |z|≥2.58)",6.366449563407342e-05,0.1088089362598554,0.0816299595775831,0.0956761312583249,3138510.367920301,-6270384.735840602,-6249796.833059566,6621.329890127217,-13228.659780254437,-13185.225386201617,237,3.1870252621677597,2.8424096114373025,defense|xT|self,5.0
